{
  "name": "ESP Mail Client",
  "version": "2.1.1",
  "keywords": "communication, email, imap, smtp, esp32, esp8266, samd, arduino",
  "description": "Arduino Mail Client Library to send, read and get incoming mail notification for ESP32, ESP8266 and SAMD21 devices. The library also supported other Arduino Devices using Clients interfaces e.g. WiFiClient, EthernetClient, and GSMClient.",
  "repository": {
    "type": "git",
    "url": "https://github.com/mobizt/ESP-Mail-Client.git"
  },
  "authors": [{
    "name": "Mobizt",
    "email": "suwatchai@outlook.com"
  }],
  "frameworks": "arduino",
  "platforms": "espressif32, espressif8266, atmelsam, raspberrypi, atmelavr, atmelmegaavr, ststm32, teensy"
}
